<?xml version="1.0" encoding="UTF-8"?>
<!DOCTYPE mapper
    PUBLIC "-//mybatis.org//DTD Mapper 3.0//EN"
    "http://mybatis.org/dtd/mybatis-3-mapper.dtd">

<mapper namespace="com.qrsx.springboot.mapper.GoodsInfoMapper">
	<parameterMap id="pm" type="java.util.Map">
		<parameter property="goods_id" jdbcType="INTEGER" mode="IN" />
		<parameter property="goods_number" jdbcType="INTEGER" mode="IN" />
		<parameter property="user_id" jdbcType="INTEGER" mode="IN" />
		<parameter property="result" jdbcType="INTEGER" mode="OUT" />
	</parameterMap>

	<select id="createShoppingCar" parameterMap="pm" statementType="CALLABLE">
		{call create_shopping_car(?,?,?,?)}
	</select>

	<select id="getOneGoodsInfo" resultType="GoodsInfo">
		select
		goods_id,goods_name,goods_price,goods_store,goods_detail,goods_shop,goods_category
		from goods_info
		where
		goods_id=#{goods_id}
	</select>

	<select id="getOneGoodsPicture" resultType="GoodsPicture">
		select picture_id,goods_id,picture_path
		from goods_picture
		where
		goods_id=#{goods_id}
	</select>

	<!-- 模糊查询 -->
	<select id="vague" parameterType="String" resultType="GoodsInfo">
		select
		goods_id,goods_name,goods_price,goods_store,goods_detail,goods_shop,goods_category from goods_info where goods_name
		like "%" #{goods_name} "%"
	</select>

	<select id="search" resultType="GoodsInfo">
		select * from goods_info
	</select>

</mapper>