<?xml version="1.0" encoding="UTF-8"?>
<!DOCTYPE mapper
    PUBLIC "-//mybatis.org//DTD Mapper 3.0//EN"
    "http://mybatis.org/dtd/mybatis-3-mapper.dtd">
  
    <mapper namespace="com.how2java.springboot.mapper.HeroMapper">
        <insert id="add" parameterType="Hero" >
            insert into hero ( name,hp ) values (#{name},#{hp})   
        </insert>
         
        <delete id="delete" parameterType="Hero" >
            delete from hero where id= #{id}  
        </delete>
         
        <select id="get" parameterType="_int" resultType="Hero">
            select * from   hero  where id= #{id}   
        </select>
 
        <update id="update" parameterType="Hero" >
            update hero set name=#{name}, hp = #{hp} where id=#{id}   
        </update>
        <select id="list" resultType="Hero">
            select * from   hero     
        </select>  
    </mapper>